{"main":"WebApplication2.dll","entryPoint":"WebApplication2.Program::Main","assemblyReferences":["Microsoft.AspNetCore.Authorization.dll","Microsoft.AspNetCore.Blazor.dll","Microsoft.AspNetCore.Blazor.HttpClient.dll","Microsoft.AspNetCore.Components.dll","Microsoft.AspNetCore.Components.Forms.dll","Microsoft.AspNetCore.Components.Web.dll","Microsoft.AspNetCore.Metadata.dll","Microsoft.Bcl.AsyncInterfaces.dll","Microsoft.Extensions.DependencyInjection.Abstractions.dll","Microsoft.Extensions.DependencyInjection.dll","Microsoft.Extensions.Logging.Abstractions.dll","Microsoft.Extensions.Options.dll","Microsoft.Extensions.Primitives.dll","Microsoft.JSInterop.dll","Mono.Security.dll","Mono.WebAssembly.Interop.dll","mscorlib.dll","System.Buffers.dll","System.ComponentModel.Annotations.dll","System.Core.dll","System.dll","System.Memory.dll","System.Net.Http.dll","System.Numerics.Vectors.dll","System.Runtime.CompilerServices.Unsafe.dll","System.Text.Encodings.Web.dll","System.Text.Json.dll","System.Threading.Tasks.Extensions.dll"],"cssReferences":[],"jsReferences":[],"linkerEnabled":true}